fname,lname,uname,pass,conpass,gender,DOB,phone,email,expectedErrorMessage
,Menyangbo,luxme,luxme111,luxme111,FEMALE,2055-01-01,9874523210,lux@gmail.com,First name is required!!
Laxmi,,luxme,luxme112,luxme112,FEMALE,2055-01-02,9874523211,lux@gmail.com,"Last name is required!!
"
Laxmi,Menyangbo,,luxme113,luxme113,FEMALE,2055-01-03,9874523212,lux@gmail.com,User name is required!!
Laxmi,Menyangbo,luxme,,luxme114,FEMALE,2055-01-04,9874523213,lux@gmail.com,"Password is required!!
"
Laxmi,Menyangbo,luxme,luxme115,luxme,FEMALE,2055-01-05,9874523214,lux@gmail.com,confirm password must be same as new password.
Laxmi,Menyangbo,luxme,luxme116,luxme116,FEMALE,2055-06,9874523215,lux@gmail.com,Incorrect Date Pattern!!!
Laxmi,Menyangbo,luxme,luxme116,luxme116,FEMALE,2055-01-06,,lux@gmail.com,Phone number is required!!
Laxmi,Menyangbo,luxme,luxme117,luxme117,FEMALE,2055-01-07,9874216,lux@gmail.com,Must be of ten digits
Laxmi,Menyangbo,luxme,luxme118,luxme118,FEMALE,2055-01-08,9874521766,lux@gmail.com,
